{
    "nodes":[
    {"node":0,"name":"Old Fashioned"},
    {"node":1,"name":"Manhattan"},
    {"node":2,"name":"Daiquiri"},
    {"node":3,"name":"Cuba Libre"},
    {"node":4,"name":"White Russian"},
    {"node":5,"name":"Negroni"},
    {"node":6,"name":"Boulevardier"},
    {"node":7,"name":"Sidecar"},
    {"node":8,"name":"Tequila Sunrise"},
    {"node":9,"name":"Bourbon"},
    {"node":10,"name":"Gin"},
    {"node":11,"name":"Rum"},
    {"node":12,"name":"Rye"},
    {"node":13,"name":"Tequila"},
    {"node":14,"name":"Vodka"},
    {"node":15,"name":"Whisky"},
    {"node":16,"name":"Bitters"},
    {"node":17,"name":"Brandy"},
    {"node":18,"name":"Campari"},
    {"node":19,"name":"Kahlua"},
    {"node":20,"name":"Orange Liqueur"},
    {"node":21,"name":"Sweet Vermouth"},
    {"node":22,"name":"Cola"},
    {"node":23,"name":"Cream"},
    {"node":24,"name":"Grenadine"},
    {"node":25,"name":"Lemon Juice"},
    {"node":26,"name":"Lime Juice"},
    {"node":27,"name":"Orange Juice"},
    {"node":28,"name":"Sugar"}
    ],
    "links":[
    {"source":0,"target":27,"value":1},
    {"source":0,"target":9,"value":1},
    {"source":0,"target":16,"value":1},
    {"source":1,"target":12,"value":1},
    {"source":1,"target":21,"value":1},
    {"source":1,"target":16,"value":1},
    {"source":2,"target":11,"value":1},
    {"source":2,"target":26,"value":1},
    {"source":2,"target":28,"value":1},
    {"source":3,"target":11,"value":1},
    {"source":3,"target":26,"value":1},
    {"source":3,"target":28,"value":1},
    {"source":4,"target":14,"value":1},
    {"source":4,"target":19,"value":1},
    {"source":4,"target":23,"value":1},
    {"source":5,"target":10,"value":1},
    {"source":5,"target":18,"value":1},
    {"source":5,"target":21,"value":1},
    {"source":6,"target":15,"value":1},
    {"source":6,"target":18,"value":1},
    {"source":6,"target":21,"value":1},
    {"source":7,"target":17,"value":1},
    {"source":7,"target":27,"value":1},
    {"source":7,"target":25,"value":1}
    ]}

