{"drinks":[  
    {"name":"Old Fashioned", "ingredients":["Sugar","Bourbon","Bitters"],"alc.":"30%-35%"},  
    {"name":"White Russian", "ingredients":["Vodka","Kahlua","Cream"],"alc.":"25%-30%"},
    {"name":"Manhattan", "ingredients":["Rye","Sweet Vermouth","Bitters"],"alc.":"30%-35%"},  
    {"name":"Daiquiri", "ingredients":["Light Rum","Lime juice","sugar"],"alc.":"30%"},      
    {"name":"Negroni", "ingredients":["Gin","Campari","Sweet Vermouth"],"alc.":"23%"},
    {"name":"Sidecar", "ingredients":["Brandy","Orange Liqueur","Lemon Juice"],"alc.":"20%-25%"},
    {"name":"Cuba Libre", "ingredients":["Dark Rum","Cola","Lime Juice"],"alc.":"10%-15%"}, 
    {"name":"Boulevardier", "ingredients":["Whisky","Campari","Sweet Vermouth"],"alc.":"22%"},
    {"name":"Tequila Sunrise", "ingredients":["Tequila","Orange Juice","Grenadine"],"alc.":"10%-15%"}     
]}  